area_mean,area_worst,compactness_mean,compactness_se,compactness_worst,concave points_mean,concave points_se,concave points_worst,concavity_mean,concavity_worst,diagnosis,fractal_dimension_mean,fractal_dimension_worst,perimeter_mean,perimeter_worst,radius_mean,radius_worst,smoothness_mean,smoothness_se,smoothness_worst,symmetry_mean,symmetry_se,symmetry_worst,texture_mean,texture_se,texture_worst,area_se,concavity_se,perimeter_se,radius_se,fractal_dimension_se
1261.0,1731.0,0.1034,0.02423,0.1922,0.09791,0.01678,0.1628,0.144,0.3215,1,0.05533,0.06637,131.2,155.0,20.13,23.69,0.0978,0.005769,0.1166,0.1752,0.01898,0.2572,28.25,2.463,38.25,4.605570106009418,0.03873982831593056,1.8250330459909805,0.568433936386304,0.0024948851841283307
858.1,1124.0,0.1023,0.03731,0.3094,0.05302,0.01557,0.1418,0.09251,0.3403,1,0.05648,0.0782,108.3,126.7,16.6,18.98,0.08455,0.005903,0.1139,0.159,0.01318,0.2218,28.08,1.075,34.12,3.902982260775997,0.04621542379696299,1.4872702784598928,0.3759676373191413,0.003884445762384526
