area_mean,area_worst,compactness_mean,compactness_se,compactness_worst,concave points_mean,concave points_se,concave points_worst,concavity_mean,concavity_worst,diagnosis,fractal_dimension_mean,fractal_dimension_worst,perimeter_mean,perimeter_worst,radius_mean,radius_worst,smoothness_mean,smoothness_se,smoothness_worst,symmetry_mean,symmetry_se,symmetry_worst,texture_mean,texture_se,texture_worst,area_se,concavity_se,perimeter_se,radius_se,fractal_dimension_se
1265.0,1821.0,0.277,0.06158,0.8681,0.152,0.01664,0.265,0.3514,0.9387,1,0.07016,0.124,140.1,184.6,20.6,25.74,0.1178,0.006522,0.165,0.2397,0.02324,0.4087,29.33,1.595,39.42,4.46843366241462,0.06875150902804315,1.912796464270889,0.5458065926612362,0.006165951390915037
215.664,268.6,0.04362,0.00466,0.06444,0.0,0.0,0.0,0.0,0.0,0,0.05884,0.07039,53.827600000000004,59.16,7.76,9.456,0.05263,0.007189,0.08996,0.1587,0.02676,0.2871,24.54,1.428,30.37,3.0032042883926917,0.0,1.266384064447333,0.32620542712253237,0.002779134625397606
